modzcta,modzcta_name,label,lat,lon,percentpositivity_7day,people_tested,people_positive,median_daily_test_rate,adequately_tested,daterange
10001,Chelsea/NoMad/West Chelsea,"10001, 10118",40.750693,-73.997137,2.04,2063,42,1408.8,Yes,November 29-December 5
10002,Chinatown/Lower East Side,10002,40.715781,-73.986176,2.46,3376,83,786,Yes,November 29-December 5
10003,East Village/Gramercy/Greenwich Village,10003,40.731825,-73.989164,2.05,4685,96,1439.5,Yes,November 29-December 5
10004,Financial District,10004,40.703675,-74.013106,2.4,292,7,1783.2,Yes,November 29-December 5
10005,Financial District,10005,40.706092,-74.008861,1.57,572,9,1267.5,Yes,November 29-December 5
10006,Financial District,10006,40.709651,-74.013044,0.33,300,1,1448.9,Yes,November 29-December 5
10007,TriBeCa,10007,40.713923,-74.007546,1.33,601,8,1458.9,Yes,November 29-December 5
10009,Alphabet City/East Village/Stuyvesant Town-Cooper Village,10009,40.72638,-73.978704,2.33,3178,74,1021.9,Yes,November 29-December 5
10010,Flatiron/Gramercy/Kips Bay,10010,40.739119,-73.982544,1.94,2319,45,1220.3,Yes,November 29-December 5
10011,Chelsea,10011,40.741707,-74.000062,2.18,2802,61,1059.4,Yes,November 29-December 5
10012,Greenwich Village/SoHo,10012,40.725576,-73.998078,2.68,1490,40,1131.6,Yes,November 29-December 5
10013,Hudson Square/Little Italy/SoHo/TriBeCa,10013,40.720096,-74.004763,2.04,1810,37,1152,Yes,November 29-December 5
10014,Hudson Square/Meatpacking District/West Village,10014,40.73402,-74.006314,1.59,1637,26,1051.6,Yes,November 29-December 5
10016,Kips Bay/Murray Hill/NoMad,10016,40.745174,-73.978319,2.32,3570,83,1325.8,Yes,November 29-December 5
10017,East Midtown/Murray Hill,10017,40.752543,-73.973037,2.29,1444,33,1511.5,Yes,November 29-December 5
10018,Hell's Kitchen/Midtown Manhattan,10018,40.755191,-73.992667,1.57,1404,22,1984.6,Yes,November 29-December 5
10019,Hell's Kitchen/Midtown Manhattan,"10019, 10020",40.76528,-73.985974,1.89,3970,75,1635.9,Yes,November 29-December 5
10021,Lenox Hill/Upper East Side,10021,40.769474,-73.958771,2.05,2732,56,1137.9,Yes,November 29-December 5
10022,East Midtown,10022,40.758676,-73.968098,1.98,2223,44,1268.8,Yes,November 29-December 5
10023,Lincoln Square,10023,40.775901,-73.982658,1.55,5216,81,1540.9,Yes,November 29-December 5
10024,Upper West Side,10024,40.792085,-73.974871,1.64,4278,70,1355.9,Yes,November 29-December 5
10025,Manhattan Valley/Morningside Heights/Upper West Side,10025,40.798651,-73.966585,1.43,7009,100,1396,Yes,November 29-December 5
10026,Central Harlem (South),10026,40.802341,-73.952521,2.56,2033,52,879.4,Yes,November 29-December 5
10027,Central Harlem (South)/Morningside Heights/West Harlem,10027,40.8118,-73.953204,1.85,3896,72,1028.5,Yes,November 29-December 5
10028,Upper East Side/Yorkville,10028,40.776432,-73.953509,2.1,2906,61,1118.8,Yes,November 29-December 5
10029,East Harlem,10029,40.791777,-73.943969,3.69,3142,116,708.2,Yes,November 29-December 5
10030,Central Harlem (North),10030,40.818326,-73.942842,2.83,1236,35,720.9,Yes,November 29-December 5
10031,Hamilton Heights/West Harlem,10031,40.825278,-73.950037,1.23,2122,26,611.6,Yes,November 29-December 5
10032,Washington Heights (South),10032,40.838768,-73.942824,2.03,2212,45,642.3,Yes,November 29-December 5
10033,Washington Heights (North)/Washington Heights (South),10033,40.850497,-73.934007,1.69,2308,39,710.9,Yes,November 29-December 5
10034,Inwood/Washington Heights (North),10034,40.867168,-73.924048,2.32,1377,32,570.5,Yes,November 29-December 5
10035,East Harlem,10035,40.791,-73.924596,2.47,1456,36,732.1,Yes,November 29-December 5
10036,Hell's Kitchen/Midtown Manhattan,10036,40.75916,-73.989705,2.04,2644,54,1751,Yes,November 29-December 5
10037,Central Harlem (North)/East Harlem,10037,40.812957,-73.937419,1.77,1073,19,875.3,Yes,November 29-December 5
10038,Chinatown/Financial District,10038,40.709696,-74.002391,2.6,1306,34,944.7,Yes,November 29-December 5
10039,Central Harlem (North)/Washington Heights (South),10039,40.830807,-73.936247,1.31,1065,14,610.7,Yes,November 29-December 5
10040,Washington Heights (North),10040,40.85831,-73.93049,1.95,1491,29,591.4,Yes,November 29-December 5
10044,Roosevelt Island,10044,40.761931,-73.949924,2.34,856,20,1130.9,Yes,November 29-December 5
10065,Lenox Hill/Upper East Side,10065,40.764616,-73.963135,1.19,2265,27,1530.5,Yes,November 29-December 5
10069,Lincoln Square,10069,40.775924,-73.990256,1.75,685,12,2052.6,Yes,November 29-December 5
10075,Lenox Hill/Upper East Side,"10075, 10162",40.773132,-73.955884,1.34,1794,24,1410.3,Yes,November 29-December 5
10128,Upper East Side/Yorkville,10128,40.781466,-73.950226,2.34,3893,91,1171.5,Yes,November 29-December 5
10280,Battery Park City,10280,40.709318,-74.016654,0.95,423,4,759.7,Yes,November 29-December 5
10282,Battery Park City,10282,40.716409,-74.015077,1.92,312,6,897.4,Yes,November 29-December 5
10301,Silver Lake/St. George,10301,40.628224,-74.096232,4.67,1714,80,724.8,Yes,November 29-December 5
10302,Elm Park,10302,40.630598,-74.137891,4.76,777,37,676.2,Yes,November 29-December 5
10303,Graniteville/Mariner's Harbor/Port Ivory,10303,40.632135,-74.169166,3.79,1109,42,629.9,Yes,November 29-December 5
10304,New Dorp/Todt Hill,10304,40.605985,-74.0943,4.2,1808,76,699.5,Yes,November 29-December 5
10305,Arrochar/Midland Beach/Shore Acres/South Beach Ocean Breeze,10305,40.595474,-74.075437,6.52,1795,117,648.7,Yes,November 29-December 5
10306,Lighthouse Hill/Midland Beach/New Dorp/Oakwood,10306,40.571571,-74.125541,5.82,2457,143,763.2,Yes,November 29-December 5
10307,Tottenville,10307,40.507771,-74.24227,7.26,730,53,865.1,Yes,November 29-December 5
10308,Great Kills,10308,40.551574,-74.150454,8.67,1246,108,667.3,Yes,November 29-December 5
10309,Charleston/Prince's Bay/Woodrow,10309,40.531355,-74.220574,7.27,2037,148,874.3,Yes,November 29-December 5
10310,Port Richmond/Randall Manor/West Brighton,10310,40.632398,-74.11618,4.59,1067,49,767.9,Yes,November 29-December 5
10312,Annadale/Rossville,10312,40.545128,-74.18169,6.36,2844,181,748.5,Yes,November 29-December 5
10314,Bloomfield/Freshkills Park,10314,40.599333,-74.166462,6.15,3689,227,656,Yes,November 29-December 5
10451,Concourse/Melrose,10451,40.820705,-73.923865,3.08,1882,58,734.7,Yes,November 29-December 5
10452,Concourse/Highbridge,10452,40.837364,-73.923461,2.1,2383,50,511.9,Yes,November 29-December 5
10453,Morris Heights/Mount Hope/University Heights,10453,40.852304,-73.913578,3.46,2487,86,519.8,Yes,November 29-December 5
10454,Mott Haven/Port Morris,10454,40.805487,-73.916605,2.51,1512,38,808.9,Yes,November 29-December 5
10455,Mott Haven,10455,40.8147,-73.908583,3.25,1569,51,658.8,Yes,November 29-December 5
10456,Claremont/Morrisania,10456,40.829884,-73.908121,2.24,2897,65,507.5,Yes,November 29-December 5
10457,Belmont/Claremont/Mount Hope/Tremont,10457,40.847151,-73.898676,1.89,2386,45,561.6,Yes,November 29-December 5
10458,Belmont/Fordham University/Kingsbridge,10458,40.862531,-73.88817,2.82,2947,83,598.3,Yes,November 29-December 5
10459,Charlotte Gardens/Hunts Point,10459,40.82584,-73.892976,2.15,1631,35,603.7,Yes,November 29-December 5
10460,Charlotte Gardens/Tremont/Van Nest/West Farms,10460,40.841753,-73.879584,3.48,2039,71,596.2,Yes,November 29-December 5
10461,Morris Park/Pelham Bay/Westchester Square,10461,40.847415,-73.840601,4.25,1998,85,639.5,Yes,November 29-December 5
10462,Parkchester/Pelham Parkway/Van Nest/Westchester Square,10462,40.842874,-73.858772,2.92,2913,85,702.4,Yes,November 29-December 5
10463,Kingsbridge/Marble Hill/Riverdale/Spuyten Duyvil,10463,40.880824,-73.906514,2.32,2548,59,601.6,Yes,November 29-December 5
10464,City Island,10464,40.872311,-73.804653,0.6,166,1,560,Yes,November 29-December 5
10465,Country Club/Throgs Neck,10465,40.823931,-73.822886,4.67,1436,67,593.7,Yes,November 29-December 5
10466,Edenwald/Wakefield,10466,40.890965,-73.845912,2.4,2378,57,565.1,Yes,November 29-December 5
10467,Allerton/Norwood/Pelham Parkway/Williamsbridge,10467,40.880939,-73.873956,3.18,3611,115,552.6,Yes,November 29-December 5
10468,Fordham/Kingsbridge/University Heights,10468,40.868161,-73.899844,2.45,2331,57,493.5,Yes,November 29-December 5
10469,Allerton/Baychester/Pelham Gardens/Williamsbridge,10469,40.86876,-73.846984,3.84,2190,84,506.8,Yes,November 29-December 5
10470,Wakefield/Woodlawn,10470,40.895986,-73.86802,3.42,585,20,620.3,Yes,November 29-December 5
10471,Fieldston/North Riverdale/Riverdale,10471,40.899509,-73.901518,1.49,937,14,805,Yes,November 29-December 5
10472,Soundview,10472,40.829561,-73.869393,3.99,2328,93,600.2,Yes,November 29-December 5
10473,Castle Hill/Clason Point/Soundview,10473,40.818135,-73.858718,2.87,2232,64,620.9,Yes,November 29-December 5
10474,Hunts Point,10474,40.810595,-73.884618,4.58,349,16,467.6,Yes,November 29-December 5
10475,Co-op City/Edenwald,10475,40.868941,-73.824854,1.78,1290,23,477.3,Yes,November 29-December 5
11004,Bellerose/Douglaston-Little Neck,"11004, 11005",40.748068,-73.710907,3.19,533,17,474.9,Yes,November 29-December 5
11101,Astoria (South)/Long Island City/Sunnyside,11101,40.747077,-73.938586,1.59,2510,40,1102.2,Yes,November 29-December 5
11102,Astoria (North),11102,40.772498,-73.925912,2.78,1583,44,922,Yes,November 29-December 5
11103,Astoria (North)/Astoria (South),11103,40.762536,-73.913541,3.81,1523,58,787.1,Yes,November 29-December 5
11104,Sunnyside,11104,40.744658,-73.920205,3.23,1114,36,719.4,Yes,November 29-December 5
11105,Ditmars Steinway,11105,40.778969,-73.906286,4.21,1426,60,721.2,Yes,November 29-December 5
11106,Astoria (South),11106,40.761792,-73.931771,3.24,1726,56,844.3,Yes,November 29-December 5
11109,Long Island City,11109,40.746211,-73.956999,3.3,394,13,1145.3,Yes,November 29-December 5
11201,Brooklyn Heights/DUMBO/Downtown Brooklyn,11201,40.694609,-73.989581,2.22,4424,98,1216.8,Yes,November 29-December 5
11203,East Flatbush (North)/East Flatbush (South),11203,40.649576,-73.934363,2.87,2891,83,620.6,Yes,November 29-December 5
11204,Bensonhurst/Mapleton,11204,40.618774,-73.984824,3.18,2670,85,448.8,Yes,November 29-December 5
11205,Bedford-Stuyvesant (West)/Clinton Hill/Fort Greene,11205,40.694625,-73.966212,2.46,2678,66,869.1,Yes,November 29-December 5
11206,Williamsburg (South),11206,40.701957,-73.942361,2.32,4175,97,689.7,Yes,November 29-December 5
11207,Cypress Hills/East New York,11207,40.670819,-73.894255,3.37,3560,120,681.8,Yes,November 29-December 5
11208,Cypress Hills/East New York,11208,40.668385,-73.871084,2.89,3248,94,519,Yes,November 29-December 5
11209,Bay Ridge/Fort Hamilton,11209,40.621811,-74.030011,4.6,3023,139,753.9,Yes,November 29-December 5
11210,Flatlands/Midwood,11210,40.628165,-73.946316,3.22,1985,64,473.5,Yes,November 29-December 5
11211,East Williamsburg/Williamsburg (North)/Williamsburg (South),"11211, 11249",40.712334,-73.953851,2.68,5974,160,889.2,Yes,November 29-December 5
11212,Ocean Hill-Brownsville,11212,40.662935,-73.913011,2.52,3169,80,734.1,Yes,November 29-December 5
11213,Crown Heights (East),11213,40.671074,-73.93633,2.11,3038,64,739.9,Yes,November 29-December 5
11214,Bath Beach/Bensonhurst/Gravesend,11214,40.598729,-73.99621,4.37,2973,130,513.9,Yes,November 29-December 5
11215,Gowanus/Park Slope/Windsor Terrace,11215,40.66252,-73.986872,2.07,4001,83,1061.4,Yes,November 29-December 5
11216,Bedford-Stuyvesant (West)/Crown Heights (West),11216,40.680785,-73.94931,2.92,2941,86,990.4,Yes,November 29-December 5
11217,Boerum Hill/Park Slope,"11217, 11243",40.682417,-73.97938,2.05,2630,54,1169.5,Yes,November 29-December 5
11218,Kensington/Windsor Terrace,11218,40.64348,-73.976044,2.17,3774,82,858.2,Yes,November 29-December 5
11219,Borough Park,11219,40.632662,-73.996666,2.26,3101,70,467.3,Yes,November 29-December 5
11220,Sunset Park,11220,40.641081,-74.016495,3.92,3238,127,593.1,Yes,November 29-December 5
11221,Bedford-Stuyvesant (East)/Bushwick,11221,40.691339,-73.927885,3.52,3807,134,799.4,Yes,November 29-December 5
11222,Greenpoint,11222,40.728292,-73.947562,3.86,2696,104,1362,Yes,November 29-December 5
11223,Gravesend/Homecrest,11223,40.597169,-73.973422,4.6,2478,114,484.7,Yes,November 29-December 5
11224,Brighton Beach/Coney Island/Seagate,11224,40.57666,-73.988581,5.38,1785,96,596.5,Yes,November 29-December 5
11225,Crown Heights (West)/Prospect Lefferts Gardens,11225,40.663056,-73.954226,2.38,2436,58,739,Yes,November 29-December 5
11226,Flatbush/Prospect Lefferts Gardens,11226,40.646456,-73.956654,2.41,4104,99,703.6,Yes,November 29-December 5
11228,Bath Beach/Dyker Heights,11228,40.616715,-74.013054,4.33,1708,74,571.3,Yes,November 29-December 5
11229,Gerritsen Beach/Homecrest/Sheepshead Bay,11229,40.601175,-73.944465,4.7,2594,122,454.9,Yes,November 29-December 5
11230,Midwood,11230,40.622164,-73.965096,4.7,2959,139,525.4,Yes,November 29-December 5
11231,Carroll Gardens/Cobble Hill/Red Hook,11231,40.677562,-74.004445,1.22,2455,30,1153.1,Yes,November 29-December 5
11232,Sunset Park,11232,40.655984,-74.005304,3.03,1090,33,686.7,Yes,November 29-December 5
11233,Bedford-Stuyvesant (East)/Ocean Hill-Brownsville,11233,40.678302,-73.919931,2.71,3360,91,781.7,Yes,November 29-December 5
11234,Bergen Beach/Flatlands/Marine Park/Mill Basin,11234,40.60758,-73.910513,3.78,2880,109,489.1,Yes,November 29-December 5
11235,Brighton Beach/Manhattan Beach/Sheepshead Bay,11235,40.583915,-73.949669,5.67,2753,156,564,Yes,November 29-December 5
11236,Canarsie,11236,40.640004,-73.901459,2.82,3436,97,550.9,Yes,November 29-December 5
11237,Bushwick/East Williamsburg,11237,40.704153,-73.920883,3.16,1838,58,664.6,Yes,November 29-December 5
11238,Clinton Hill/Prospect Heights,11238,40.679179,-73.963804,1.82,3186,58,1090.6,Yes,November 29-December 5
11239,East New York,11239,40.64753,-73.882398,3.23,589,19,714.2,Yes,November 29-December 5
11354,Flushing/Murray Hill,11354,40.76863,-73.827229,3.35,1462,49,469.2,Yes,November 29-December 5
11355,Flushing/Murray Hill/Queensboro Hill,11355,40.751459,-73.821014,3.32,2079,69,427.4,Yes,November 29-December 5
11356,College Point,11356,40.784867,-73.841495,3.03,891,27,653.1,Yes,November 29-December 5
11357,Whitestone,11357,40.78639,-73.810964,5.56,1440,80,568.3,Yes,November 29-December 5
11358,Auburndale/Murray Hill,11358,40.760475,-73.79637,5.41,1221,66,538.5,Yes,November 29-December 5
11360,Bayside (North),11360,40.78205,-73.7808,4.02,646,26,546.1,Yes,November 29-December 5
11361,Bayside (North)/Bayside (South),11361,40.763748,-73.772419,5.39,909,49,546.1,Yes,November 29-December 5
11362,Douglaston-Little Neck,11362,40.756533,-73.736995,4.35,620,27,546.9,Yes,November 29-December 5
11363,Douglaston-Little Neck,11363,40.772803,-73.746444,1.75,228,4,519.6,Yes,November 29-December 5
11364,Bayside (South)/Oakland Gardens,11364,40.745279,-73.760578,2.32,1252,29,568.8,Yes,November 29-December 5
11365,Auburndale/Fresh Meadows/Pomonok/Utopia,11365,40.739775,-73.794806,3.64,1428,52,586.6,Yes,November 29-December 5
11366,Fresh Meadows/Hillcrest,11366,40.728136,-73.784981,4.4,477,21,549,Yes,November 29-December 5
11367,Kew Gardens Hills/Pomonok,11367,40.730383,-73.826297,4.08,1273,52,550.7,Yes,November 29-December 5
11368,Corona/North Corona,11368,40.749594,-73.852604,2.96,3583,106,540,Yes,November 29-December 5
11369,Airport/East Elmhurst,11369,40.768944,-73.872812,2.29,1308,30,609.6,Yes,November 29-December 5
11370,Jackson Heights/Rikers Island,11370,40.763466,-73.891021,3.87,879,34,494.1,Yes,November 29-December 5
11372,Jackson Heights,11372,40.75169,-73.883634,3.57,2384,85,672.3,Yes,November 29-December 5
11373,Elmhurst,11373,40.738823,-73.8785,2.27,3256,74,563,Yes,November 29-December 5
11374,Rego Park,11374,40.726441,-73.861497,6.36,1666,106,654.7,Yes,November 29-December 5
11375,Forest Hills,11375,40.720931,-73.846184,4.74,2763,131,618.8,Yes,November 29-December 5
11377,Woodside,11377,40.744823,-73.90516,2.93,3272,96,648.4,Yes,November 29-December 5
11378,Maspeth,11378,40.724768,-73.909399,5.44,1397,76,647.4,Yes,November 29-December 5
11379,Middle Village,11379,40.716758,-73.879597,7.61,1380,105,619.6,Yes,November 29-December 5
11385,Glendale/Ridgewood,11385,40.701058,-73.890159,5.41,3491,189,602.2,Yes,November 29-December 5
11411,Cambria Heights,11411,40.694202,-73.735998,3.04,690,21,575.4,Yes,November 29-December 5
11412,St. Albans,11412,40.698095,-73.758984,2.6,1424,37,637.8,Yes,November 29-December 5
11413,Laurelton/Rosedale,11413,40.669738,-73.750842,2.19,1413,31,537,Yes,November 29-December 5
11414,Hamilton Beach/Howard Beach/Lindenwood,11414,40.658266,-73.844905,5.64,1010,57,592.4,Yes,November 29-December 5
11415,Kew Gardens,11415,40.708323,-73.828212,4.06,690,28,609.3,Yes,November 29-December 5
11416,Ozone Park,11416,40.684652,-73.849549,3.77,1142,43,666.9,Yes,November 29-December 5
11417,Ozone Park,11417,40.676457,-73.844522,4.54,1080,49,544.4,Yes,November 29-December 5
11418,Richmond Hill,11418,40.700236,-73.836062,3.83,1307,50,537.4,Yes,November 29-December 5
11419,Richmond Hill/South Ozone Park,11419,40.688676,-73.822901,4.35,1470,64,498.9,Yes,November 29-December 5
11420,South Ozone Park,11420,40.673518,-73.817812,2.94,1634,48,497.5,Yes,November 29-December 5
11421,Woodhaven,11421,40.69405,-73.85867,3.49,1488,52,549.3,Yes,November 29-December 5
11422,Rosedale,11422,40.660819,-73.73608,3.06,1079,33,580.4,Yes,November 29-December 5
11423,Hollis/Holliswood,11423,40.71491,-73.767865,5.03,1114,56,549.2,Yes,November 29-December 5
11426,Bellerose,11426,40.736521,-73.722384,4.42,656,29,510.8,Yes,November 29-December 5
11427,Bellerose/Hollis Hills/Holliswood,11427,40.730915,-73.745611,3.61,775,28,534.5,Yes,November 29-December 5
11428,Queens Village,11428,40.721015,-73.742206,3.07,618,19,522,Yes,November 29-December 5
11429,Queens Village,11429,40.709772,-73.738731,3.47,952,33,535.8,Yes,November 29-December 5
11432,Hillcrest/Jamaica Estates/Jamaica Hills,11432,40.715359,-73.793064,3.99,2253,90,577.7,Yes,November 29-December 5
11433,Jamaica,11433,40.69823,-73.787095,3.99,1277,51,555.8,Yes,November 29-December 5
11434,Airport/South Jamaica/Springfield Gardens/St. Albans,11434,40.656866,-73.783386,2.35,2340,55,654.6,Yes,November 29-December 5
11435,Briarwood/Jamaica,11435,40.701291,-73.809618,3.72,1881,70,522.1,Yes,November 29-December 5
11436,South Jamaica/South Ozone Park,11436,40.675819,-73.796618,2.27,705,16,548.8,Yes,November 29-December 5
11691,Edgemere/Far Rockaway,11691,40.60133,-73.761357,4.66,2147,100,528,Yes,November 29-December 5
11692,Arverne/Edgemere,11692,40.592794,-73.792203,3.61,721,26,527.8,Yes,November 29-December 5
11693,Arverne/Broad Channel,11693,40.603699,-73.821926,3.2,406,13,544.5,Yes,November 29-December 5
11694,Belle Harbor-Neponsit/Rockaway Park,11694,40.577599,-73.844553,5.56,683,38,596.7,Yes,November 29-December 5
11697,Breezy Point,11697,40.55907,-73.907199,4.46,157,7,795.8,Yes,November 29-December 5
